100827,12.0,0.0,1.0,1.0,1.0,1.0,0.0,1.0,1.0,0.0,1.0,5.0,0.512280701754,1.0,0.0,0.0,0.0,1.0,0.0,0.0,0.0,0.0,1.0,634,525.0,4.5
104518,7.0,1.0,0.0,1.0,1.0,0.0,0.0,0.0,0.0,1.0,1.0,3.0,0.723684210526,0.0,0.0,0.0,0.0,0.0,0.0,1.0,0.0,0.0,0.0,214,70.0,3.92307686805725
112239,11.0,1.0,1.0,1.0,1.0,1.0,0.0,1.0,1.0,0.0,1.0,6.0,0.539419087137,1.0,1.0,0.0,1.0,1.0,1.0,0.0,1.0,1.0,0.0,486,603.0,4.8173303604126
12129,5.0,1.0,1.0,1.0,0.0,0.0,0.0,0.0,0.0,0.0,1.0,2.0,0.782608695652,0.0,0.0,0.0,0.0,0.0,0.0,0.0,0.0,0.0,0.0,384,NA,4.59259271621704
12297,9.0,1.0,1.0,1.0,1.0,1.0,0.0,0.0,0.0,0.0,1.0,5.0,0.554054054054,0.0,0.0,0.0,1.0,0.0,0.0,0.0,0.0,0.0,0.0,496,150.0,4.59183692932129
12507,19.0,0.0,1.0,0.0,0.0,0.0,0.0,1.0,0.0,0.0,0.0,4.0,0.615384615385,1.0,0.0,1.0,0.0,0.0,0.0,0.0,0.0,0.0,1.0,377,NA,3.92857146263123
125352,17.0,1.0,1.0,1.0,0.0,1.0,0.0,0.0,0.0,1.0,1.0,4.0,0.55625,0.0,0.0,1.0,0.0,0.0,0.0,0.0,0.0,0.0,0.0,553,180.0,4.80129241943359
126432,21.0,0.0,1.0,1.0,1.0,1.0,0.0,1.0,0.0,0.0,1.0,4.0,0.541666666667,0.0,1.0,0.0,0.0,1.0,0.0,1.0,1.0,0.0,0.0,347,275.0,4.85585594177246
127314,15.0,0.0,0.0,0.0,1.0,1.0,0.0,0.0,0.0,0.0,1.0,3.0,0.673913043478,1.0,0.0,0.0,0.0,0.0,0.0,0.0,0.0,0.0,0.0,NA,330.0,4.5
128796,29.0,1.0,0.0,0.0,0.0,1.0,1.0,0.0,0.0,0.0,1.0,4.0,0.568181818182,0.0,0.0,0.0,0.0,0.0,0.0,0.0,0.0,0.0,0.0,341,75.0,4.5
131459,27.0,1.0,1.0,1.0,1.0,1.0,1.0,1.0,0.0,0.0,1.0,7.0,0.527397260274,0.0,0.0,0.0,0.0,0.0,0.0,1.0,0.0,0.0,0.0,545,1600.0,4.26315784454346
132633,19.0,1.0,1.0,1.0,1.0,1.0,1.0,0.0,1.0,0.0,1.0,4.0,0.559782608696,1.0,0.0,0.0,0.0,0.0,0.0,0.0,0.0,1.0,0.0,453,200.0,4.69999980926514
132765,21.0,1.0,1.0,1.0,1.0,1.0,0.0,0.0,0.0,0.0,1.0,5.0,0.574074074074,0.0,1.0,0.0,0.0,0.0,0.0,0.0,0.0,1.0,0.0,271,420.0,4.57692289352417
134553,13.0,1.0,1.0,0.0,0.0,0.0,0.0,0.0,0.0,0.0,1.0,4.0,0.631578947368,1.0,0.0,0.0,0.0,1.0,0.0,0.0,0.0,1.0,0.0,470,215.0,4.4761905670166
13477,21.0,1.0,1.0,1.0,1.0,0.0,0.0,0.0,0.0,1.0,1.0,4.0,0.681034482759,1.0,0.0,1.0,1.0,1.0,0.0,1.0,0.0,0.0,0.0,426,250.0,4.77321434020996
135201,23.0,1.0,1.0,1.0,1.0,1.0,0.0,1.0,1.0,0.0,1.0,6.0,0.543352601156,0.0,0.0,0.0,0.0,0.0,0.0,0.0,0.0,0.0,0.0,509,455.0,4.72499990463257
13633,17.0,0.0,1.0,0.0,1.0,1.0,0.0,0.0,0.0,0.0,1.0,5.0,0.661290322581,1.0,0.0,0.0,0.0,0.0,0.0,0.0,1.0,0.0,0.0,322,NA,4.68421030044556
13759,17.0,1.0,1.0,1.0,1.0,1.0,0.0,1.0,0.0,0.0,1.0,4.0,0.644859813084,0.0,0.0,1.0,1.0,0.0,0.0,0.0,0.0,0.0,0.0,323,NA,4.80000019073486
139953,19.0,1.0,1.0,1.0,1.0,0.0,0.0,0.0,0.0,0.0,1.0,4.0,0.524324324324,0.0,0.0,1.0,0.0,0.0,0.0,1.0,0.0,0.0,1.0,484,265.0,4.40000009536743
140868,17.0,0.0,1.0,1.0,1.0,0.0,0.0,1.0,0.0,0.0,0.0,4.0,0.658536585366,0.0,1.0,0.0,0.0,0.0,1.0,0.0,1.0,0.0,1.0,448,75.0,4.66666650772095
143336,19.0,1.0,1.0,0.0,1.0,1.0,0.0,0.0,1.0,0.0,1.0,9.0,0.452830188679,1.0,1.0,1.0,0.0,0.0,0.0,0.0,0.0,0.0,1.0,450,205.0,4.7142858505249
143546,31.0,1.0,1.0,1.0,0.0,1.0,0.0,1.0,1.0,0.0,1.0,8.0,0.430555555556,1.0,0.0,1.0,0.0,1.0,0.0,0.0,0.0,1.0,0.0,503,380.0,4.65151500701904
146175,27.0,1.0,1.0,1.0,1.0,1.0,1.0,1.0,0.0,0.0,1.0,5.0,0.542553191489,0.0,0.0,0.0,0.0,0.0,1.0,0.0,0.0,0.0,0.0,613,575.0,4.5238094329834
146988,25.0,0.0,1.0,1.0,1.0,1.0,0.0,1.0,1.0,1.0,1.0,6.0,0.504424778761,1.0,0.0,0.0,0.0,1.0,0.0,1.0,0.0,1.0,0.0,456,355.0,4.65517234802246
148882,45.0,1.0,1.0,1.0,1.0,1.0,0.0,1.0,0.0,0.0,1.0,8.0,0.401960784314,1.0,1.0,1.0,0.0,1.0,0.0,1.0,0.0,1.0,1.0,635,650.0,0
14977,15.0,1.0,1.0,1.0,1.0,0.0,0.0,1.0,0.0,0.0,1.0,5.0,0.54802259887,0.0,0.0,0.0,0.0,1.0,1.0,0.0,0.0,0.0,0.0,265,NA,3.81764698028564
15041,17.0,1.0,1.0,1.0,1.0,1.0,0.0,0.0,1.0,0.0,1.0,4.0,0.593220338983,0.0,0.0,0.0,1.0,0.0,1.0,0.0,0.0,0.0,0.0,378,NA,4.55000019073486
15058,21.0,1.0,1.0,1.0,1.0,1.0,1.0,0.0,1.0,0.0,1.0,3.0,0.568181818182,0.0,1.0,1.0,0.0,1.0,0.0,1.0,0.0,0.0,0.0,507,NA,4.71022748947144
15339,29.0,1.0,1.0,1.0,1.0,1.0,1.0,0.0,0.0,0.0,1.0,4.0,0.550218340611,0.0,0.0,0.0,1.0,1.0,0.0,0.0,1.0,0.0,0.0,924,NA,4.53333330154419
15414,23.0,1.0,1.0,1.0,0.0,1.0,0.0,0.0,1.0,0.0,1.0,3.0,0.549450549451,1.0,0.0,0.0,0.0,0.0,1.0,1.0,1.0,0.0,0.0,500,735.0,4.375
154297,21.0,1.0,1.0,1.0,1.0,1.0,0.0,1.0,0.0,0.0,1.0,3.0,0.632653061224,0.0,0.0,0.0,1.0,0.0,0.0,0.0,0.0,0.0,0.0,703,375.0,4.70700645446777
155222,15.0,0.0,0.0,0.0,1.0,1.0,0.0,0.0,0.0,0.0,1.0,4.0,0.764705882353,1.0,0.0,0.0,0.0,0.0,0.0,0.0,0.0,0.0,0.0,NA,345.0,4.73684215545654
157201,21.0,1.0,1.0,1.0,1.0,1.0,0.0,1.0,0.0,0.0,1.0,6.0,0.476973684211,1.0,0.0,0.0,1.0,0.0,0.0,1.0,0.0,0.0,1.0,538,345.0,4.80281686782837
157884,27.0,1.0,1.0,1.0,1.0,1.0,0.0,1.0,0.0,1.0,1.0,6.0,0.552380952381,0.0,0.0,0.0,0.0,0.0,0.0,1.0,0.0,0.0,0.0,615,347.0,3.78571438789368
15823,13.0,1.0,1.0,0.0,1.0,0.0,0.0,0.0,0.0,0.0,1.0,5.0,0.702702702703,0.0,0.0,0.0,1.0,0.0,0.0,0.0,0.0,0.0,1.0,271,100.0,4.62529277801514
15917,19.0,0.0,1.0,1.0,1.0,1.0,0.0,0.0,0.0,0.0,1.0,6.0,0.623529411765,1.0,0.0,0.0,0.0,0.0,1.0,1.0,0.0,0.0,0.0,552,300.0,4.72966527938843
15970,25.0,0.0,1.0,1.0,0.0,1.0,1.0,0.0,0.0,0.0,1.0,5.0,0.584415584416,0.0,0.0,1.0,1.0,0.0,0.0,0.0,0.0,0.0,0.0,562,NA,4.75
159710,21.0,0.0,1.0,0.0,0.0,1.0,0.0,0.0,0.0,1.0,1.0,4.0,0.553719008264,0.0,1.0,0.0,0.0,0.0,0.0,0.0,0.0,0.0,0.0,359,50.0,4.26923084259033
159875,7.0,0.0,0.0,0.0,0.0,0.0,0.0,0.0,0.0,0.0,0.0,4.0,0.584507042254,0.0,0.0,0.0,0.0,1.0,0.0,1.0,0.0,0.0,1.0,234,640.0,4.30000019073486
16154,19.0,1.0,1.0,0.0,1.0,0.0,0.0,0.0,0.0,0.0,1.0,6.0,0.591623036649,1.0,0.0,0.0,0.0,0.0,0.0,1.0,0.0,0.0,1.0,317,1585.0,4.375
16290,23.0,1.0,1.0,1.0,1.0,1.0,1.0,0.0,0.0,0.0,1.0,5.0,0.636363636364,1.0,0.0,0.0,0.0,0.0,0.0,0.0,0.0,0.0,0.0,949,90.0,4.58333349227905
16336,15.0,1.0,1.0,1.0,0.0,0.0,0.0,0.0,0.0,0.0,1.0,5.0,0.61797752809,0.0,0.0,1.0,0.0,0.0,0.0,0.0,0.0,0.0,1.0,491,NA,4.68571424484253
164228,17.0,0.0,1.0,1.0,1.0,0.0,0.0,0.0,0.0,0.0,1.0,4.0,0.563758389262,0.0,1.0,0.0,1.0,0.0,0.0,1.0,0.0,0.0,0.0,524,360.0,4.51162767410278
164508,23.0,0.0,1.0,0.0,1.0,0.0,1.0,1.0,0.0,0.0,1.0,5.0,0.584474885845,1.0,1.0,0.0,0.0,0.0,0.0,1.0,0.0,0.0,1.0,217,370.0,4.63414621353149
164582,21.0,1.0,1.0,1.0,1.0,1.0,0.0,1.0,0.0,1.0,1.0,4.0,0.609589041096,1.0,0.0,0.0,0.0,1.0,0.0,0.0,1.0,1.0,0.0,585,920.0,4.71818161010742
16508,13.0,1.0,0.0,1.0,0.0,0.0,0.0,0.0,0.0,0.0,1.0,3.0,0.681818181818,1.0,0.0,0.0,1.0,1.0,0.0,1.0,1.0,1.0,0.0,323,200.0,3.5254237651825
16784,9.0,1.0,1.0,0.0,0.0,0.0,0.0,0.0,0.0,0.0,1.0,1.0,0.75,1.0,0.0,0.0,0.0,0.0,0.0,0.0,0.0,0.0,0.0,318,20.0,3.89285707473755
169305,17.0,1.0,1.0,1.0,0.0,1.0,0.0,0.0,0.0,1.0,1.0,4.0,0.55625,0.0,0.0,1.0,0.0,1.0,0.0,0.0,0.0,0.0,0.0,481,180.0,4.77101612091064
170810,27.0,1.0,1.0,1.0,1.0,1.0,0.0,0.0,0.0,0.0,1.0,3.0,0.509554140127,1.0,0.0,0.0,0.0,0.0,0.0,0.0,0.0,0.0,0.0,417,441.0,4.44444465637207
170941,33.0,1.0,1.0,1.0,1.0,1.0,0.0,0.0,0.0,0.0,1.0,5.0,0.527675276753,1.0,0.0,1.0,1.0,1.0,0.0,0.0,0.0,1.0,0.0,577,600.0,4.66666650772095
17410,19.0,1.0,1.0,0.0,0.0,1.0,0.0,0.0,1.0,1.0,1.0,2.0,0.6,0.0,0.0,0.0,0.0,0.0,1.0,0.0,1.0,0.0,0.0,459,1485.0,4.32944583892822
17411,19.0,1.0,1.0,1.0,0.0,1.0,0.0,0.0,1.0,0.0,1.0,2.0,0.5,0.0,0.0,1.0,0.0,0.0,0.0,0.0,1.0,0.0,0.0,296,30.0,4.4375
17413,13.0,0.0,1.0,1.0,1.0,0.0,0.0,0.0,0.0,0.0,0.0,3.0,0.663551401869,0.0,0.0,0.0,0.0,0.0,0.0,1.0,0.0,0.0,0.0,469,75.0,4.47499990463257
17414,17.0,1.0,1.0,0.0,1.0,1.0,0.0,0.0,0.0,0.0,1.0,6.0,0.555555555556,0.0,0.0,0.0,0.0,0.0,0.0,1.0,0.0,0.0,0.0,482,560.0,4.47368431091309
17415,23.0,1.0,1.0,1.0,0.0,1.0,0.0,0.0,1.0,0.0,1.0,3.0,0.591836734694,0.0,0.0,0.0,1.0,0.0,0.0,1.0,1.0,0.0,0.0,500,135.0,4.44444465637207
17416,21.0,1.0,1.0,1.0,0.0,1.0,0.0,0.0,1.0,0.0,1.0,3.0,0.596330275229,0.0,0.0,1.0,0.0,0.0,0.0,0.0,0.0,0.0,0.0,212,260.0,4.55555534362793
17520,25.0,1.0,1.0,0.0,0.0,1.0,0.0,0.0,1.0,1.0,1.0,4.0,0.536697247706,1.0,0.0,1.0,1.0,0.0,1.0,0.0,0.0,1.0,0.0,169,60.0,4.625
17790,21.0,1.0,1.0,1.0,1.0,1.0,0.0,1.0,0.0,0.0,1.0,4.0,0.560209424084,0.0,0.0,0.0,0.0,0.0,1.0,0.0,1.0,1.0,1.0,491,100.0,4.66906452178955
17833,19.0,1.0,1.0,1.0,1.0,1.0,1.0,1.0,0.0,0.0,1.0,3.0,0.644859813084,1.0,0.0,0.0,1.0,0.0,0.0,0.0,0.0,0.0,0.0,428,75.0,4.48387098312378
17861,21.0,1.0,1.0,1.0,1.0,0.0,0.0,1.0,1.0,1.0,1.0,3.0,0.657657657658,0.0,0.0,0.0,1.0,0.0,0.0,0.0,0.0,0.0,0.0,491,90.0,4.53333330154419
17889,19.0,0.0,1.0,0.0,0.0,0.0,0.0,1.0,0.0,0.0,0.0,3.0,0.663551401869,1.0,1.0,1.0,1.0,0.0,0.0,1.0,0.0,0.0,1.0,374,35.0,3.375
17922,19.0,1.0,1.0,1.0,1.0,1.0,0.0,0.0,1.0,0.0,1.0,4.0,0.530805687204,0.0,0.0,0.0,0.0,0.0,0.0,0.0,0.0,0.0,1.0,501,90.0,4.40909099578857
179674,19.0,0.0,0.0,0.0,0.0,1.0,0.0,0.0,0.0,1.0,1.0,3.0,0.577639751553,1.0,0.0,1.0,0.0,0.0,0.0,1.0,0.0,0.0,0.0,270,245.0,4.80451107025146
179688,17.0,0.0,0.0,0.0,1.0,0.0,0.0,1.0,0.0,0.0,1.0,4.0,0.714285714286,1.0,1.0,1.0,0.0,0.0,0.0,0.0,0.0,0.0,0.0,280,335.0,4.84999990463257
179695,21.0,1.0,0.0,0.0,1.0,0.0,0.0,0.0,0.0,0.0,1.0,3.0,0.645161290323,1.0,0.0,1.0,0.0,0.0,0.0,0.0,0.0,0.0,0.0,433,310.0,4
179716,19.0,0.0,1.0,1.0,1.0,0.0,0.0,0.0,0.0,0.0,1.0,2.0,0.594202898551,0.0,1.0,1.0,0.0,0.0,0.0,0.0,0.0,0.0,0.0,361,NA,4.77777767181396
17980,19.0,1.0,1.0,1.0,0.0,1.0,0.0,0.0,1.0,0.0,1.0,4.0,0.620689655172,1.0,0.0,0.0,1.0,1.0,0.0,0.0,0.0,1.0,0.0,166,200.0,4.21250009536743
180294,19.0,0.0,0.0,0.0,1.0,1.0,0.0,1.0,0.0,0.0,1.0,3.0,0.664429530201,1.0,0.0,0.0,0.0,0.0,0.0,0.0,0.0,0.0,0.0,424,325.0,4.70440244674683
180603,13.0,0.0,0.0,0.0,1.0,1.0,0.0,0.0,0.0,0.0,1.0,3.0,0.651612903226,1.0,0.0,1.0,0.0,0.0,1.0,0.0,0.0,0.0,1.0,386,245.0,4.44303798675537
18472,11.0,1.0,1.0,0.0,0.0,0.0,0.0,0.0,0.0,0.0,1.0,2.0,0.734693877551,0.0,0.0,0.0,0.0,0.0,0.0,0.0,1.0,0.0,0.0,380,130.0,4.43103456497192
186428,15.0,0.0,0.0,0.0,1.0,0.0,1.0,0.0,0.0,0.0,0.0,3.0,0.594405594406,0.0,1.0,0.0,1.0,0.0,0.0,0.0,1.0,0.0,0.0,160,45.0,4
19020,21.0,1.0,1.0,1.0,1.0,1.0,0.0,1.0,0.0,0.0,1.0,3.0,0.680672268908,0.0,1.0,0.0,1.0,0.0,0.0,0.0,1.0,0.0,1.0,600,530.0,4.60869550704956
19073,17.0,0.0,1.0,1.0,0.0,1.0,0.0,0.0,1.0,1.0,1.0,3.0,0.663716814159,0.0,0.0,0.0,1.0,1.0,0.0,0.0,0.0,1.0,0.0,206,15.0,4.13761472702026
194346,19.0,0.0,0.0,0.0,1.0,1.0,0.0,0.0,0.0,0.0,1.0,5.0,0.741935483871,1.0,0.0,0.0,0.0,0.0,0.0,0.0,0.0,0.0,0.0,412,305.0,4.68852472305298
194369,13.0,0.0,0.0,0.0,0.0,1.0,0.0,0.0,0.0,0.0,1.0,3.0,0.759493670886,1.0,0.0,1.0,0.0,0.0,0.0,0.0,0.0,0.0,0.0,417,255.0,4.38888883590698
19441,37.0,1.0,1.0,0.0,1.0,1.0,1.0,0.0,0.0,1.0,1.0,6.0,0.518248175182,0.0,0.0,1.0,1.0,1.0,1.0,1.0,0.0,1.0,1.0,345,400.0,4.307692527771
19449,19.0,1.0,1.0,0.0,1.0,0.0,0.0,0.0,0.0,0.0,1.0,5.0,0.586538461538,0.0,0.0,0.0,1.0,1.0,0.0,0.0,0.0,0.0,0.0,446,75.0,4.51724147796631
194771,25.0,0.0,0.0,0.0,1.0,1.0,0.0,0.0,0.0,0.0,1.0,4.0,0.515283842795,1.0,1.0,1.0,0.0,0.0,1.0,0.0,0.0,0.0,1.0,233,325.0,4.82142877578735
19559,29.0,0.0,1.0,1.0,0.0,1.0,0.0,0.0,0.0,1.0,0.0,5.0,0.594405594406,0.0,0.0,1.0,0.0,0.0,0.0,0.0,1.0,1.0,0.0,509,15.0,4.63157892227173
19846,27.0,1.0,1.0,0.0,0.0,1.0,0.0,0.0,0.0,0.0,1.0,5.0,0.6,0.0,0.0,1.0,1.0,1.0,0.0,1.0,0.0,0.0,0.0,198,510.0,3.40000009536743
20311,11.0,1.0,1.0,0.0,0.0,1.0,0.0,0.0,0.0,0.0,1.0,2.0,0.6,0.0,0.0,0.0,0.0,0.0,0.0,0.0,0.0,0.0,1.0,546,255.0,4.60377359390259
20565,15.0,1.0,1.0,1.0,1.0,0.0,0.0,0.0,0.0,0.0,1.0,4.0,0.720930232558,0.0,0.0,0.0,1.0,0.0,0.0,1.0,0.0,0.0,0.0,372,40.0,4.61904764175415
206916,17.0,0.0,0.0,0.0,1.0,1.0,0.0,0.0,0.0,0.0,1.0,4.0,0.757281553398,1.0,0.0,0.0,0.0,0.0,0.0,0.0,0.0,0.0,0.0,407,330.0,4.53125
213583,21.0,1.0,1.0,0.0,1.0,1.0,0.0,0.0,0.0,0.0,1.0,5.0,0.551546391753,1.0,0.0,0.0,1.0,0.0,0.0,1.0,0.0,0.0,0.0,480,250.0,4.68965530395508
213800,15.0,0.0,0.0,0.0,1.0,1.0,0.0,0.0,0.0,0.0,1.0,5.0,0.651162790698,1.0,0.0,1.0,0.0,1.0,0.0,0.0,0.0,0.0,0.0,331,375.0,4.77391290664673
214028,21.0,1.0,0.0,0.0,1.0,0.0,1.0,0.0,0.0,0.0,1.0,3.0,0.625899280576,1.0,0.0,0.0,0.0,0.0,0.0,1.0,0.0,0.0,1.0,311,255.0,4.16666650772095
214235,13.0,0.0,0.0,0.0,0.0,0.0,0.0,0.0,0.0,0.0,1.0,3.0,0.723684210526,1.0,0.0,0.0,0.0,0.0,0.0,0.0,0.0,0.0,0.0,NA,195.0,4.59999990463257
214465,23.0,1.0,1.0,0.0,1.0,1.0,0.0,0.0,0.0,0.0,1.0,9.0,0.468553459119,1.0,0.0,1.0,0.0,0.0,0.0,0.0,1.0,1.0,0.0,468,570.0,4.38541650772095
21457,17.0,1.0,1.0,1.0,1.0,0.0,0.0,1.0,0.0,0.0,1.0,4.0,0.595041322314,0.0,0.0,0.0,0.0,0.0,0.0,0.0,0.0,0.0,0.0,500,60.0,4.375
214846,19.0,0.0,0.0,0.0,1.0,1.0,0.0,1.0,0.0,0.0,1.0,4.0,0.706349206349,1.0,0.0,1.0,0.0,0.0,0.0,0.0,0.0,0.0,0.0,202,330.0,4.76923084259033
214852,15.0,0.0,0.0,0.0,1.0,1.0,0.0,1.0,0.0,0.0,1.0,4.0,0.762886597938,1.0,1.0,1.0,0.0,0.0,0.0,0.0,0.0,0.0,0.0,243,300.0,4.27272748947144
214853,13.0,0.0,0.0,0.0,1.0,0.0,0.0,0.0,0.0,0.0,1.0,4.0,0.781609195402,1.0,0.0,0.0,0.0,0.0,0.0,0.0,0.0,0.0,1.0,269,270.0,4.39735078811646
215270,29.0,0.0,0.0,0.0,1.0,1.0,0.0,0.0,0.0,0.0,1.0,7.0,0.459239130435,0.0,0.0,1.0,0.0,1.0,1.0,0.0,0.0,1.0,0.0,440,630.0,4.33333349227905
21530,19.0,1.0,1.0,1.0,0.0,0.0,0.0,0.0,1.0,0.0,1.0,4.0,0.552447552448,0.0,1.0,0.0,1.0,0.0,1.0,0.0,0.0,0.0,0.0,219,75.0,4.68139982223511
21592,15.0,1.0,1.0,1.0,1.0,1.0,0.0,0.0,0.0,0.0,1.0,3.0,0.58389261745,1.0,0.0,0.0,0.0,0.0,0.0,0.0,0.0,0.0,1.0,664,150.0,4.64210510253906
21650,19.0,1.0,1.0,1.0,1.0,0.0,0.0,1.0,0.0,0.0,1.0,4.0,0.556962025316,1.0,0.0,0.0,0.0,1.0,0.0,1.0,0.0,0.0,0.0,352,200.0,4.45454549789429
216680,33.0,1.0,1.0,0.0,1.0,1.0,0.0,0.0,1.0,0.0,1.0,5.0,0.502008032129,0.0,0.0,1.0,1.0,1.0,1.0,1.0,0.0,0.0,0.0,961,NA,4.08333349227905
217122,23.0,1.0,1.0,1.0,1.0,0.0,0.0,1.0,1.0,0.0,1.0,3.0,0.538011695906,1.0,0.0,0.0,1.0,0.0,1.0,0.0,1.0,0.0,0.0,729,340.0,4.88888883590698
21739,15.0,1.0,1.0,1.0,1.0,0.0,0.0,0.0,0.0,0.0,1.0,3.0,0.696078431373,0.0,1.0,0.0,0.0,0.0,0.0,1.0,0.0,0.0,1.0,184,100.0,4.44642877578735
217390,33.0,1.0,1.0,1.0,0.0,1.0,1.0,0.0,0.0,0.0,1.0,7.0,0.449591280654,0.0,0.0,1.0,0.0,0.0,0.0,1.0,0.0,1.0,0.0,500,480.0,4.60714292526245
217391,37.0,1.0,1.0,1.0,1.0,1.0,1.0,0.0,0.0,0.0,1.0,5.0,0.551401869159,1.0,0.0,1.0,0.0,0.0,0.0,1.0,0.0,0.0,0.0,555,135.0,3.46153855323792
218101,25.0,1.0,1.0,1.0,1.0,1.0,1.0,0.0,0.0,0.0,1.0,5.0,0.507462686567,0.0,1.0,0.0,1.0,1.0,1.0,1.0,0.0,1.0,0.0,510,670.0,4.66666650772095
218231,15.0,1.0,1.0,1.0,1.0,0.0,0.0,1.0,0.0,0.0,1.0,4.0,0.504792332268,0.0,0.0,1.0,0.0,0.0,0.0,0.0,0.0,1.0,1.0,335,370.0,4.692307472229
218530,31.0,1.0,1.0,1.0,1.0,1.0,0.0,0.0,1.0,1.0,1.0,6.0,0.409090909091,1.0,1.0,1.0,1.0,0.0,0.0,0.0,0.0,1.0,1.0,815,540.0,4
218681,21.0,0.0,1.0,0.0,1.0,1.0,0.0,0.0,0.0,0.0,1.0,1.0,0.675,0.0,1.0,0.0,0.0,0.0,0.0,0.0,0.0,0.0,0.0,484,NA,5
218805,21.0,1.0,1.0,1.0,1.0,1.0,1.0,1.0,0.0,0.0,1.0,3.0,0.59477124183,0.0,0.0,0.0,1.0,1.0,1.0,1.0,0.0,0.0,0.0,452,260.0,4.62962961196899
218892,25.0,1.0,1.0,1.0,1.0,1.0,1.0,1.0,1.0,0.0,1.0,8.0,0.399061032864,0.0,0.0,1.0,1.0,1.0,1.0,1.0,0.0,1.0,1.0,364,200.0,4.90000009536743
219060,31.0,1.0,1.0,1.0,1.0,0.0,1.0,1.0,0.0,1.0,1.0,4.0,0.624,0.0,1.0,0.0,1.0,0.0,0.0,0.0,0.0,0.0,0.0,296,160.0,4.7380952835083
219286,10.0,1.0,1.0,1.0,1.0,1.0,1.0,1.0,1.0,0.0,1.0,5.0,0.49377593361,1.0,0.0,0.0,1.0,1.0,0.0,0.0,0.0,1.0,0.0,639,330.0,4.33333349227905
220104,15.0,0.0,1.0,1.0,0.0,0.0,0.0,0.0,1.0,0.0,1.0,8.0,0.54347826087,0.0,0.0,0.0,0.0,0.0,0.0,1.0,0.0,1.0,1.0,123,45.0,4.87671232223511
220105,13.0,1.0,1.0,1.0,0.0,0.0,0.0,0.0,0.0,0.0,1.0,6.0,0.576470588235,0.0,1.0,1.0,0.0,0.0,0.0,1.0,0.0,0.0,0.0,340,75.0,3.79999995231628
220635,13.0,0.0,1.0,1.0,0.0,0.0,0.0,0.0,0.0,0.0,1.0,5.0,0.653333333333,0.0,1.0,0.0,1.0,0.0,0.0,0.0,0.0,0.0,0.0,365,75.0,4.5
220934,35.0,0.0,0.0,1.0,1.0,1.0,1.0,0.0,0.0,0.0,1.0,11.0,0.470779220779,0.0,0.0,0.0,1.0,1.0,0.0,0.0,1.0,0.0,1.0,253,200.0,3.66666674613953
221142,23.0,1.0,1.0,1.0,1.0,1.0,1.0,1.0,0.0,0.0,1.0,11.0,0.538461538462,0.0,0.0,0.0,1.0,0.0,0.0,0.0,0.0,0.0,0.0,556,255.0,4.69291353225708
222098,27.0,1.0,0.0,1.0,1.0,1.0,0.0,0.0,0.0,0.0,1.0,6.0,0.534693877551,0.0,0.0,1.0,0.0,0.0,1.0,1.0,0.0,0.0,1.0,354,600.0,5
222114,19.0,1.0,0.0,1.0,1.0,1.0,1.0,1.0,0.0,0.0,1.0,4.0,0.649253731343,0.0,1.0,0.0,0.0,0.0,0.0,0.0,0.0,0.0,0.0,452,150.0,2.66666674613953
222223,19.0,0.0,1.0,1.0,1.0,1.0,0.0,0.0,0.0,0.0,1.0,4.0,0.565610859729,1.0,0.0,1.0,0.0,1.0,1.0,0.0,1.0,0.0,1.0,392,180.0,4.81481504440308
222588,25.0,1.0,1.0,1.0,1.0,1.0,0.0,0.0,1.0,1.0,1.0,6.0,0.530769230769,1.0,1.0,1.0,1.0,0.0,0.0,1.0,0.0,0.0,1.0,459,645.0,4.68333339691162
222647,17.0,1.0,1.0,1.0,1.0,0.0,0.0,0.0,0.0,0.0,1.0,5.0,0.685314685315,1.0,1.0,1.0,0.0,1.0,0.0,1.0,0.0,0.0,1.0,307,160.0,5
222735,21.0,1.0,1.0,0.0,1.0,1.0,0.0,1.0,0.0,0.0,1.0,6.0,0.59509202454,1.0,1.0,0.0,0.0,1.0,0.0,0.0,0.0,0.0,0.0,455,100.0,4
222737,31.0,1.0,1.0,1.0,1.0,1.0,0.0,1.0,1.0,1.0,1.0,7.0,0.564814814815,1.0,0.0,0.0,0.0,1.0,0.0,1.0,0.0,0.0,1.0,447,605.0,4.625
228315,27.0,1.0,1.0,1.0,1.0,1.0,0.0,0.0,1.0,0.0,1.0,7.0,0.410926365796,1.0,0.0,0.0,0.0,0.0,1.0,0.0,0.0,0.0,1.0,454,625.0,4.6875
22836,8.0,1.0,1.0,0.0,1.0,1.0,0.0,1.0,0.0,0.0,1.0,4.0,0.577922077922,1.0,1.0,1.0,1.0,0.0,0.0,1.0,0.0,0.0,0.0,527,80.0,3.90000009536743
229015,29.0,0.0,1.0,1.0,1.0,0.0,0.0,0.0,0.0,0.0,0.0,5.0,0.68932038835,0.0,0.0,0.0,0.0,0.0,0.0,0.0,0.0,0.0,0.0,492,530.0,4.75
229052,19.0,1.0,0.0,1.0,1.0,0.0,0.0,0.0,0.0,0.0,1.0,4.0,0.655629139073,1.0,0.0,0.0,0.0,0.0,0.0,0.0,1.0,1.0,0.0,557,460.0,4.81818199157715
229408,21.0,0.0,1.0,1.0,1.0,1.0,0.0,0.0,0.0,0.0,1.0,6.0,0.615384615385,1.0,1.0,1.0,0.0,0.0,0.0,0.0,0.0,0.0,0.0,NA,370.0,4.67213106155396
229990,31.0,1.0,1.0,1.0,1.0,1.0,0.0,1.0,1.0,1.0,1.0,5.0,0.507389162562,1.0,0.0,0.0,0.0,1.0,0.0,0.0,0.0,0.0,0.0,512,310.0,4.5625
230058,15.0,0.0,0.0,0.0,1.0,1.0,0.0,0.0,0.0,0.0,1.0,4.0,0.745454545455,1.0,0.0,0.0,0.0,0.0,0.0,0.0,0.0,0.0,0.0,351,360.0,4
230267,33.0,1.0,1.0,1.0,1.0,1.0,1.0,1.0,0.0,1.0,1.0,7.0,0.520766773163,1.0,0.0,0.0,0.0,1.0,0.0,0.0,1.0,1.0,1.0,655,700.0,0
230445,35.0,1.0,1.0,1.0,0.0,1.0,1.0,1.0,0.0,1.0,1.0,7.0,0.510917030568,0.0,0.0,0.0,1.0,0.0,0.0,0.0,1.0,0.0,0.0,492,320.0,5
23046,21.0,1.0,1.0,1.0,1.0,1.0,0.0,0.0,0.0,1.0,1.0,4.0,0.544502617801,1.0,0.0,1.0,0.0,0.0,0.0,0.0,0.0,0.0,0.0,350,460.0,4.60529804229736
230755,19.0,1.0,1.0,1.0,0.0,1.0,0.0,0.0,1.0,0.0,1.0,2.0,0.571428571429,1.0,0.0,0.0,0.0,0.0,0.0,0.0,0.0,0.0,0.0,879,50.0,4.19999980926514
230897,23.0,0.0,0.0,0.0,1.0,1.0,0.0,0.0,0.0,0.0,1.0,5.0,0.634615384615,1.0,0.0,1.0,0.0,0.0,0.0,0.0,0.0,0.0,0.0,392,375.0,5
230903,15.0,0.0,0.0,0.0,1.0,1.0,0.0,0.0,0.0,0.0,1.0,4.0,0.726495726496,1.0,0.0,1.0,0.0,0.0,0.0,0.0,0.0,0.0,0.0,344,385.0,3.75
231068,23.0,1.0,1.0,1.0,1.0,1.0,1.0,0.0,0.0,1.0,1.0,5.0,0.572368421053,0.0,1.0,1.0,0.0,0.0,1.0,0.0,0.0,0.0,0.0,202,60.0,4.19999980926514
231253,15.0,1.0,1.0,1.0,1.0,0.0,0.0,0.0,0.0,0.0,1.0,4.0,0.693069306931,0.0,0.0,0.0,0.0,0.0,0.0,0.0,0.0,0.0,1.0,141,120.0,4.69999980926514
231310,15.0,0.0,1.0,0.0,0.0,1.0,0.0,0.0,0.0,0.0,1.0,2.0,0.63768115942,0.0,0.0,0.0,0.0,0.0,0.0,0.0,0.0,0.0,0.0,393,75.0,4.75
231572,15.0,1.0,1.0,0.0,0.0,1.0,0.0,0.0,0.0,0.0,1.0,3.0,0.657534246575,0.0,0.0,0.0,0.0,0.0,0.0,0.0,0.0,0.0,0.0,400,80.0,3.90000009536743
231815,13.0,0.0,0.0,0.0,0.0,1.0,0.0,0.0,0.0,0.0,1.0,3.0,0.716049382716,1.0,0.0,1.0,0.0,0.0,0.0,0.0,0.0,0.0,0.0,189,360.0,4.66666650772095
23202,21.0,0.0,1.0,1.0,0.0,1.0,0.0,0.0,0.0,0.0,0.0,2.0,0.64347826087,0.0,1.0,0.0,0.0,1.0,0.0,0.0,0.0,0.0,0.0,641,290.0,4.40579700469971
232609,29.0,0.0,1.0,1.0,0.0,1.0,0.0,0.0,0.0,0.0,1.0,4.0,0.559748427673,1.0,0.0,1.0,0.0,0.0,1.0,0.0,0.0,0.0,0.0,620,390.0,4.5
232684,21.0,0.0,1.0,1.0,0.0,1.0,0.0,0.0,0.0,0.0,1.0,4.0,0.648854961832,1.0,0.0,0.0,0.0,0.0,0.0,0.0,1.0,0.0,0.0,268,610.0,0
232898,25.0,0.0,1.0,1.0,0.0,1.0,0.0,0.0,1.0,0.0,1.0,4.0,0.759493670886,0.0,0.0,1.0,0.0,0.0,0.0,0.0,0.0,0.0,0.0,415,65.0,4.69999980926514
232900,23.0,0.0,1.0,1.0,1.0,1.0,0.0,0.0,1.0,0.0,1.0,4.0,0.647058823529,1.0,0.0,1.0,0.0,0.0,0.0,0.0,0.0,0.0,0.0,617,85.0,4
232935,19.0,0.0,1.0,1.0,1.0,1.0,0.0,0.0,0.0,0.0,1.0,3.0,0.788235294118,0.0,0.0,1.0,0.0,0.0,0.0,0.0,0.0,0.0,0.0,1018,80.0,5
233327,27.0,1.0,1.0,1.0,0.0,1.0,0.0,0.0,1.0,0.0,1.0,8.0,0.42939481268,0.0,1.0,0.0,1.0,0.0,0.0,1.0,1.0,0.0,0.0,381,210.0,4.46000003814697
23408,27.0,0.0,1.0,1.0,1.0,1.0,0.0,0.0,0.0,1.0,1.0,4.0,0.62676056338,0.0,0.0,0.0,1.0,0.0,0.0,1.0,0.0,0.0,0.0,793,600.0,4.60526323318481
234410,15.0,1.0,1.0,1.0,0.0,0.0,0.0,0.0,0.0,0.0,1.0,4.0,0.625,0.0,0.0,0.0,0.0,0.0,0.0,0.0,0.0,0.0,0.0,324,240.0,4.42857122421265
234962,31.0,1.0,1.0,1.0,1.0,1.0,0.0,1.0,0.0,1.0,1.0,5.0,0.506607929515,0.0,0.0,0.0,0.0,1.0,0.0,0.0,0.0,0.0,1.0,317,235.0,4.13333320617676
235300,31.0,1.0,1.0,1.0,1.0,1.0,1.0,0.0,0.0,1.0,1.0,7.0,0.527607361963,1.0,0.0,0.0,0.0,0.0,0.0,1.0,0.0,0.0,0.0,170,575.0,4.52941179275513
235469,41.0,1.0,1.0,1.0,1.0,1.0,1.0,0.0,0.0,1.0,1.0,9.0,0.448742746615,0.0,0.0,0.0,1.0,1.0,1.0,1.0,1.0,0.0,1.0,893,495.0,4.38888883590698
235776,23.0,1.0,1.0,1.0,0.0,0.0,0.0,0.0,0.0,1.0,1.0,5.0,0.626865671642,0.0,0.0,0.0,1.0,0.0,0.0,0.0,0.0,0.0,0.0,342,300.0,4.75
235847,25.0,0.0,1.0,1.0,0.0,0.0,0.0,0.0,1.0,0.0,1.0,3.0,0.592964824121,0.0,0.0,0.0,1.0,1.0,1.0,1.0,0.0,0.0,0.0,242,NA,4.11111116409302
235906,35.0,0.0,1.0,1.0,1.0,1.0,0.0,1.0,0.0,1.0,1.0,11.0,0.57528957529,0.0,0.0,0.0,1.0,1.0,1.0,1.0,0.0,1.0,1.0,225,230.0,4.33333349227905
236380,33.0,0.0,0.0,1.0,0.0,0.0,0.0,0.0,0.0,0.0,0.0,6.0,0.524017467249,1.0,0.0,0.0,1.0,0.0,0.0,1.0,1.0,0.0,0.0,463,550.0,4
237116,25.0,1.0,1.0,1.0,1.0,0.0,0.0,1.0,0.0,1.0,1.0,8.0,0.526011560694,0.0,0.0,0.0,0.0,0.0,0.0,1.0,0.0,0.0,0.0,366,130.0,4.88235282897949
237147,19.0,1.0,1.0,1.0,1.0,0.0,0.0,1.0,0.0,0.0,1.0,5.0,0.587878787879,0.0,0.0,0.0,0.0,0.0,0.0,0.0,1.0,0.0,0.0,367,590.0,4.62962961196899
237435,25.0,0.0,0.0,1.0,1.0,1.0,1.0,0.0,0.0,0.0,1.0,5.0,0.659420289855,1.0,0.0,0.0,0.0,0.0,0.0,0.0,0.0,0.0,0.0,302,360.0,4.55555534362793
237790,15.0,1.0,1.0,0.0,1.0,0.0,0.0,0.0,1.0,0.0,1.0,6.0,0.550561797753,1.0,0.0,0.0,1.0,0.0,0.0,0.0,1.0,1.0,1.0,550,170.0,5
237816,19.0,1.0,1.0,0.0,0.0,0.0,0.0,0.0,0.0,0.0,1.0,2.0,0.629310344828,0.0,0.0,0.0,0.0,0.0,0.0,1.0,1.0,0.0,0.0,56,165.0,0
238275,19.0,1.0,1.0,0.0,1.0,1.0,0.0,0.0,0.0,0.0,1.0,6.0,0.605042016807,0.0,0.0,0.0,0.0,1.0,0.0,1.0,1.0,0.0,0.0,265,130.0,4
238335,25.0,0.0,1.0,0.0,1.0,1.0,0.0,0.0,0.0,0.0,1.0,4.0,0.647058823529,0.0,0.0,0.0,0.0,0.0,0.0,1.0,0.0,0.0,0.0,345,240.0,0
239315,13.0,0.0,0.0,0.0,0.0,1.0,0.0,0.0,0.0,0.0,1.0,6.0,0.526717557252,0.0,0.0,0.0,0.0,0.0,0.0,1.0,1.0,0.0,0.0,573,180.0,4.77777767181396
239436,19.0,1.0,0.0,0.0,1.0,1.0,0.0,0.0,0.0,0.0,1.0,5.0,0.725806451613,1.0,0.0,0.0,0.0,0.0,0.0,0.0,0.0,0.0,0.0,347,360.0,4.33333349227905
239486,17.0,0.0,1.0,1.0,0.0,1.0,0.0,0.0,1.0,0.0,0.0,4.0,0.621621621622,0.0,1.0,1.0,0.0,1.0,0.0,0.0,0.0,0.0,0.0,337,45.0,4.55555534362793
239561,19.0,0.0,1.0,1.0,1.0,0.0,1.0,0.0,0.0,0.0,1.0,3.0,0.632530120482,0.0,1.0,1.0,0.0,1.0,0.0,1.0,0.0,0.0,1.0,132,88.0,4
239578,17.0,1.0,0.0,0.0,1.0,0.0,0.0,0.0,0.0,0.0,1.0,5.0,0.585227272727,1.0,0.0,1.0,0.0,0.0,0.0,0.0,0.0,0.0,0.0,407,412.0,3.75
239581,17.0,1.0,0.0,0.0,1.0,1.0,0.0,0.0,0.0,0.0,1.0,5.0,0.662576687117,1.0,0.0,1.0,0.0,0.0,0.0,0.0,0.0,1.0,0.0,343,365.0,5
239583,19.0,1.0,0.0,1.0,1.0,1.0,0.0,0.0,0.0,0.0,1.0,7.0,0.587939698492,1.0,0.0,1.0,0.0,0.0,0.0,0.0,0.0,0.0,0.0,342,375.0,0
239587,13.0,0.0,0.0,0.0,1.0,1.0,0.0,0.0,0.0,0.0,1.0,4.0,0.764150943396,1.0,0.0,1.0,0.0,0.0,0.0,0.0,0.0,0.0,0.0,366,360.0,0
239591,19.0,1.0,0.0,0.0,1.0,1.0,0.0,0.0,0.0,0.0,1.0,5.0,0.683823529412,1.0,0.0,1.0,0.0,0.0,0.0,0.0,0.0,0.0,0.0,325,365.0,4.625
239744,33.0,1.0,1.0,0.0,0.0,1.0,0.0,0.0,0.0,1.0,1.0,8.0,0.474522292994,0.0,0.0,0.0,0.0,0.0,1.0,1.0,0.0,1.0,1.0,680,210.0,0
239793,13.0,0.0,1.0,1.0,1.0,1.0,0.0,0.0,0.0,0.0,0.0,5.0,0.622950819672,0.0,0.0,0.0,0.0,0.0,0.0,0.0,0.0,0.0,0.0,209,505.0,4.62962961196899
239794,9.0,1.0,1.0,0.0,1.0,0.0,0.0,0.0,0.0,0.0,1.0,5.0,0.68,0.0,0.0,0.0,0.0,0.0,0.0,0.0,0.0,0.0,0.0,134,205.0,4.25
239864,35.0,1.0,1.0,1.0,1.0,1.0,0.0,1.0,0.0,1.0,1.0,6.0,0.570048309179,1.0,0.0,0.0,0.0,0.0,0.0,0.0,0.0,0.0,0.0,226,70.0,4.18181800842285
239879,19.0,1.0,0.0,0.0,1.0,1.0,0.0,0.0,0.0,0.0,1.0,6.0,0.603603603604,1.0,1.0,1.0,0.0,1.0,0.0,0.0,0.0,0.0,0.0,632,390.0,5
240310,39.0,1.0,1.0,1.0,1.0,1.0,1.0,1.0,0.0,0.0,1.0,7.0,0.482071713147,0.0,0.0,1.0,0.0,1.0,0.0,0.0,1.0,0.0,1.0,681,165.0,0
241051,19.0,0.0,1.0,1.0,0.0,0.0,0.0,0.0,0.0,0.0,0.0,2.0,0.725663716814,0.0,0.0,0.0,0.0,1.0,0.0,0.0,0.0,0.0,0.0,415,50.0,5
24107,19.0,1.0,1.0,1.0,1.0,1.0,0.0,0.0,0.0,0.0,1.0,3.0,0.684782608696,0.0,0.0,0.0,0.0,0.0,0.0,0.0,0.0,0.0,0.0,567,65.0,4.59154939651489
241274,29.0,0.0,1.0,1.0,0.0,1.0,1.0,0.0,0.0,0.0,1.0,7.0,0.519650655022,0.0,0.0,0.0,0.0,1.0,0.0,0.0,0.0,0.0,1.0,267,NA,0
24196,19.0,1.0,1.0,1.0,1.0,0.0,0.0,0.0,0.0,1.0,1.0,4.0,0.652542372881,0.0,1.0,1.0,1.0,0.0,0.0,1.0,0.0,0.0,0.0,398,340.0,4.67910432815552
242024,39.0,1.0,1.0,1.0,1.0,0.0,1.0,1.0,0.0,1.0,1.0,7.0,0.439024390244,0.0,0.0,0.0,1.0,1.0,0.0,0.0,0.0,0.0,1.0,510,640.0,4.33333349227905
242235,25.0,1.0,1.0,0.0,0.0,1.0,0.0,0.0,1.0,0.0,1.0,5.0,0.540880503145,0.0,0.0,0.0,0.0,0.0,0.0,1.0,1.0,0.0,1.0,578,275.0,0
242442,29.0,0.0,1.0,0.0,1.0,1.0,1.0,0.0,0.0,0.0,1.0,9.0,0.464566929134,0.0,1.0,0.0,1.0,1.0,0.0,0.0,1.0,1.0,1.0,544,555.0,4.75
24308,21.0,1.0,1.0,0.0,1.0,1.0,1.0,0.0,1.0,0.0,1.0,7.0,0.58940397351,0.0,0.0,0.0,1.0,1.0,0.0,0.0,0.0,0.0,1.0,277,85.0,4.63288307189941
244929,27.0,1.0,1.0,1.0,1.0,1.0,0.0,1.0,0.0,0.0,1.0,8.0,0.508695652174,0.0,0.0,0.0,1.0,0.0,0.0,1.0,0.0,0.0,0.0,483,330.0,5
244991,21.0,1.0,1.0,0.0,0.0,0.0,0.0,0.0,1.0,0.0,1.0,5.0,0.636363636364,0.0,0.0,0.0,0.0,0.0,0.0,0.0,0.0,1.0,0.0,543,90.0,0
244998,31.0,1.0,1.0,1.0,1.0,1.0,0.0,0.0,0.0,1.0,1.0,6.0,0.527896995708,1.0,0.0,1.0,0.0,0.0,0.0,0.0,1.0,0.0,1.0,483,340.0,4.5
245051,21.0,1.0,1.0,1.0,1.0,1.0,0.0,1.0,1.0,0.0,1.0,4.0,0.594936708861,0.0,0.0,0.0,1.0,0.0,0.0,0.0,0.0,0.0,0.0,534,140.0,4.05882358551025
245600,17.0,1.0,1.0,1.0,0.0,0.0,0.0,1.0,0.0,0.0,1.0,7.0,0.486910994764,0.0,0.0,0.0,0.0,1.0,0.0,0.0,1.0,0.0,0.0,587,210.0,0
245697,13.0,1.0,1.0,1.0,1.0,0.0,0.0,0.0,0.0,0.0,1.0,4.0,0.663793103448,0.0,1.0,0.0,0.0,0.0,0.0,0.0,1.0,0.0,1.0,378,350.0,0
245703,15.0,1.0,1.0,0.0,0.0,1.0,0.0,0.0,0.0,0.0,1.0,3.0,0.674698795181,0.0,0.0,0.0,0.0,0.0,0.0,0.0,0.0,0.0,0.0,408,315.0,5
246514,29.0,0.0,0.0,1.0,0.0,0.0,0.0,0.0,0.0,1.0,0.0,4.0,0.52688172043,1.0,0.0,0.0,1.0,0.0,0.0,1.0,0.0,0.0,1.0,584,290.0,0
246815,27.0,1.0,1.0,1.0,1.0,0.0,1.0,0.0,0.0,0.0,1.0,7.0,0.502040816327,0.0,0.0,1.0,1.0,1.0,0.0,0.0,0.0,0.0,1.0,531,165.0,0
247209,9.0,0.0,1.0,0.0,0.0,1.0,0.0,0.0,0.0,0.0,0.0,2.0,0.8125,0.0,0.0,1.0,0.0,0.0,0.0,0.0,0.0,0.0,0.0,797,130.0,0
247210,17.0,0.0,1.0,1.0,0.0,1.0,0.0,0.0,0.0,0.0,0.0,6.0,0.654929577465,1.0,0.0,0.0,0.0,0.0,0.0,0.0,0.0,0.0,1.0,529,267.0,0
247239,19.0,1.0,1.0,0.0,0.0,1.0,0.0,0.0,0.0,0.0,1.0,3.0,0.603305785124,1.0,0.0,1.0,0.0,0.0,0.0,0.0,0.0,0.0,0.0,412,175.0,4.83333349227905
24981,25.0,1.0,0.0,1.0,1.0,1.0,1.0,0.0,1.0,1.0,1.0,3.0,0.728155339806,1.0,0.0,0.0,1.0,0.0,0.0,0.0,0.0,0.0,0.0,239,70.0,4.5078125
24994,29.0,1.0,0.0,1.0,0.0,1.0,1.0,0.0,1.0,1.0,1.0,4.0,0.558974358974,0.0,1.0,1.0,1.0,0.0,0.0,0.0,0.0,0.0,0.0,290,90.0,2.57142853736877
24996,9.0,0.0,1.0,0.0,0.0,0.0,0.0,0.0,0.0,0.0,1.0,1.0,0.878787878788,0.0,0.0,0.0,0.0,0.0,0.0,0.0,0.0,0.0,0.0,292,10.0,4.65000009536743
25001,25.0,1.0,0.0,1.0,1.0,1.0,1.0,0.0,1.0,1.0,1.0,3.0,0.546961325967,0.0,0.0,1.0,0.0,0.0,0.0,0.0,0.0,0.0,0.0,415,210.0,3
254218,31.0,1.0,1.0,0.0,1.0,1.0,1.0,0.0,0.0,0.0,1.0,10.0,0.493197278912,1.0,0.0,1.0,0.0,1.0,1.0,0.0,1.0,0.0,1.0,747,633.0,0
254295,29.0,0.0,1.0,1.0,0.0,1.0,0.0,1.0,0.0,1.0,1.0,4.0,0.642045454545,1.0,0.0,1.0,1.0,0.0,0.0,0.0,1.0,0.0,1.0,190,180.0,4.40000009536743
254412,23.0,1.0,0.0,0.0,1.0,0.0,1.0,0.0,0.0,0.0,1.0,6.0,0.542253521127,0.0,0.0,0.0,0.0,0.0,0.0,0.0,0.0,0.0,0.0,160,278.0,0
254413,21.0,1.0,1.0,0.0,1.0,1.0,1.0,0.0,1.0,0.0,1.0,5.0,0.586956521739,1.0,0.0,0.0,1.0,0.0,0.0,0.0,1.0,1.0,0.0,896,148.0,0
254414,13.0,1.0,1.0,1.0,0.0,0.0,0.0,1.0,0.0,0.0,1.0,4.0,0.703296703297,1.0,0.0,0.0,0.0,0.0,0.0,0.0,0.0,0.0,1.0,471,251.0,0
255479,17.0,0.0,0.0,0.0,1.0,0.0,1.0,0.0,1.0,0.0,1.0,8.0,0.626315789474,0.0,1.0,0.0,1.0,1.0,0.0,1.0,0.0,0.0,0.0,437,85.0,0
25564,15.0,1.0,1.0,1.0,1.0,1.0,0.0,0.0,0.0,0.0,1.0,4.0,0.571428571429,0.0,0.0,0.0,1.0,1.0,0.0,1.0,0.0,0.0,0.0,277,70.0,4.33333349227905
255658,33.0,0.0,1.0,1.0,1.0,1.0,1.0,1.0,1.0,1.0,1.0,7.0,0.529126213592,0.0,0.0,0.0,0.0,1.0,0.0,0.0,0.0,0.0,1.0,530,215.0,0
255718,19.0,1.0,1.0,0.0,0.0,0.0,0.0,0.0,0.0,1.0,1.0,4.0,0.712962962963,1.0,0.0,1.0,0.0,0.0,0.0,0.0,0.0,0.0,1.0,97,93.0,0
25574,13.0,1.0,1.0,0.0,0.0,1.0,0.0,0.0,1.0,0.0,1.0,3.0,0.644859813084,0.0,0.0,0.0,1.0,0.0,0.0,0.0,0.0,0.0,0.0,297,180.0,4.21052646636963
25578,17.0,1.0,1.0,1.0,1.0,0.0,0.0,1.0,1.0,0.0,1.0,3.0,0.650406504065,0.0,0.0,0.0,0.0,0.0,0.0,0.0,0.0,0.0,1.0,338,120.0,4.692307472229
25585,19.0,1.0,0.0,0.0,0.0,1.0,0.0,0.0,0.0,0.0,1.0,5.0,0.481595092025,0.0,0.0,1.0,0.0,1.0,0.0,0.0,1.0,1.0,0.0,452,165.0,4.19999980926514
25598,21.0,1.0,0.0,0.0,0.0,0.0,0.0,0.0,0.0,0.0,1.0,3.0,0.623931623932,1.0,0.0,0.0,1.0,0.0,1.0,0.0,0.0,0.0,0.0,193,30.0,3.875
256014,41.0,0.0,0.0,1.0,0.0,0.0,0.0,0.0,0.0,1.0,1.0,5.0,0.619469026549,1.0,0.0,1.0,0.0,0.0,0.0,0.0,0.0,0.0,0.0,403,360.0,5
25604,21.0,1.0,1.0,1.0,1.0,0.0,1.0,0.0,1.0,0.0,1.0,3.0,0.58041958042,1.0,0.0,0.0,1.0,1.0,0.0,0.0,0.0,0.0,0.0,525,120.0,4.65625
256074,25.0,1.0,1.0,1.0,1.0,1.0,1.0,0.0,0.0,0.0,1.0,6.0,0.556818181818,1.0,1.0,0.0,0.0,0.0,0.0,0.0,0.0,0.0,0.0,135,200.0,0
256142,23.0,0.0,1.0,0.0,0.0,1.0,0.0,0.0,0.0,0.0,0.0,5.0,0.624338624339,0.0,1.0,0.0,0.0,0.0,0.0,1.0,0.0,1.0,0.0,1044,155.0,0
25626,25.0,1.0,1.0,1.0,1.0,1.0,1.0,1.0,0.0,0.0,1.0,5.0,0.5,0.0,0.0,0.0,1.0,1.0,0.0,0.0,0.0,0.0,0.0,387,65.0,4.62365579605103
25633,21.0,0.0,0.0,1.0,0.0,0.0,0.0,0.0,0.0,0.0,1.0,3.0,0.661157024793,1.0,0.0,0.0,1.0,0.0,1.0,0.0,1.0,0.0,0.0,387,180.0,4.07142877578735
256346,33.0,1.0,1.0,1.0,1.0,1.0,1.0,0.0,0.0,0.0,1.0,9.0,0.47197640118,0.0,0.0,0.0,0.0,1.0,0.0,1.0,1.0,0.0,1.0,568,518.0,0
256398,23.0,0.0,1.0,0.0,0.0,1.0,0.0,0.0,0.0,0.0,1.0,7.0,0.536290322581,0.0,0.0,0.0,0.0,1.0,0.0,0.0,0.0,0.0,1.0,301,190.0,5
25642,27.0,1.0,1.0,1.0,1.0,1.0,0.0,0.0,0.0,0.0,1.0,5.0,0.531531531532,0.0,0.0,1.0,1.0,0.0,1.0,1.0,0.0,0.0,0.0,412,600.0,4.83256721496582
256449,27.0,1.0,1.0,0.0,1.0,1.0,0.0,0.0,0.0,0.0,1.0,7.0,0.515,0.0,1.0,0.0,0.0,0.0,0.0,0.0,0.0,0.0,0.0,188,710.0,0
256451,17.0,1.0,1.0,1.0,1.0,1.0,0.0,0.0,0.0,0.0,1.0,5.0,0.584337349398,0.0,0.0,0.0,0.0,0.0,0.0,0.0,0.0,0.0,0.0,395,365.0,0
256991,21.0,1.0,0.0,0.0,0.0,1.0,0.0,0.0,0.0,0.0,1.0,6.0,0.559322033898,0.0,0.0,0.0,0.0,1.0,0.0,0.0,1.0,0.0,0.0,435,155.0,0
256993,19.0,1.0,1.0,0.0,0.0,1.0,0.0,0.0,0.0,0.0,1.0,7.0,0.445086705202,1.0,0.0,1.0,1.0,0.0,0.0,0.0,0.0,0.0,0.0,555,295.0,0
257157,29.0,1.0,0.0,1.0,1.0,1.0,1.0,1.0,0.0,0.0,1.0,5.0,0.606299212598,1.0,0.0,0.0,0.0,0.0,0.0,0.0,0.0,0.0,0.0,402,85.0,0
257270,11.0,1.0,1.0,1.0,1.0,0.0,0.0,0.0,0.0,0.0,1.0,4.0,0.609090909091,1.0,0.0,1.0,0.0,0.0,0.0,0.0,0.0,0.0,0.0,654,75.0,5
257271,43.0,1.0,1.0,1.0,1.0,1.0,1.0,1.0,1.0,1.0,1.0,8.0,0.446601941748,1.0,0.0,0.0,1.0,0.0,0.0,1.0,1.0,0.0,0.0,517,315.0,0
257287,21.0,1.0,1.0,0.0,1.0,1.0,0.0,0.0,0.0,0.0,1.0,6.0,0.57,0.0,0.0,0.0,1.0,0.0,0.0,1.0,1.0,0.0,0.0,477,320.0,0
257288,19.0,1.0,0.0,1.0,1.0,1.0,0.0,0.0,0.0,0.0,1.0,5.0,0.592356687898,0.0,0.0,0.0,0.0,0.0,0.0,1.0,0.0,0.0,0.0,478,70.0,0
257388,29.0,1.0,1.0,1.0,1.0,1.0,1.0,1.0,1.0,1.0,1.0,8.0,0.547945205479,0.0,0.0,1.0,0.0,0.0,0.0,0.0,0.0,1.0,1.0,283,95.0,0
25955,27.0,1.0,1.0,0.0,1.0,1.0,0.0,1.0,1.0,0.0,1.0,4.0,0.604938271605,0.0,0.0,0.0,1.0,0.0,0.0,0.0,0.0,0.0,0.0,236,60.0,4.16666650772095
25958,27.0,1.0,1.0,1.0,1.0,1.0,1.0,1.0,1.0,1.0,1.0,3.0,0.641891891892,0.0,0.0,0.0,1.0,1.0,0.0,0.0,0.0,1.0,0.0,375,100.0,4.65248203277588
25978,27.0,1.0,1.0,1.0,1.0,0.0,0.0,0.0,1.0,1.0,1.0,4.0,0.641221374046,0.0,0.0,0.0,1.0,0.0,0.0,0.0,0.0,0.0,0.0,355,240.0,3.95454549789429
25983,21.0,1.0,1.0,0.0,1.0,1.0,0.0,1.0,0.0,0.0,1.0,4.0,0.537688442211,0.0,0.0,0.0,1.0,1.0,0.0,1.0,0.0,1.0,0.0,421,130.0,4.5806450843811
25986,23.0,1.0,1.0,1.0,1.0,1.0,0.0,0.0,1.0,0.0,1.0,4.0,0.564444444444,0.0,0.0,1.0,1.0,1.0,0.0,0.0,1.0,1.0,1.0,624,90.0,4.7384614944458
25997,17.0,0.0,1.0,0.0,1.0,1.0,0.0,0.0,0.0,0.0,1.0,4.0,0.579268292683,0.0,0.0,1.0,1.0,1.0,0.0,1.0,0.0,1.0,0.0,317,90.0,3.14285707473755
26010,20.0,1.0,1.0,1.0,1.0,1.0,1.0,1.0,0.0,0.0,1.0,5.0,0.540636042403,1.0,0.0,0.0,1.0,1.0,0.0,1.0,0.0,0.0,0.0,556,120.0,4.57499980926514
26030,33.0,1.0,1.0,0.0,1.0,1.0,1.0,0.0,0.0,0.0,1.0,6.0,0.451704545455,0.0,1.0,0.0,1.0,1.0,0.0,1.0,0.0,0.0,0.0,475,90.0,4.55555534362793
26039,21.0,1.0,1.0,0.0,1.0,1.0,1.0,0.0,1.0,0.0,1.0,3.0,0.577922077922,0.0,0.0,0.0,1.0,1.0,0.0,1.0,0.0,1.0,0.0,276,65.0,4.40000009536743
26047,25.0,1.0,1.0,0.0,1.0,1.0,1.0,0.0,0.0,0.0,1.0,3.0,0.553191489362,0.0,1.0,0.0,1.0,1.0,0.0,0.0,0.0,0.0,0.0,359,120.0,4.54838705062866
26315,29.0,1.0,1.0,1.0,1.0,0.0,0.0,1.0,0.0,0.0,1.0,5.0,0.530864197531,0.0,0.0,0.0,1.0,0.0,0.0,1.0,0.0,0.0,0.0,603,60.0,3.91304349899292
26320,13.0,1.0,1.0,1.0,1.0,0.0,0.0,0.0,0.0,0.0,1.0,3.0,0.61320754717,0.0,0.0,0.0,0.0,1.0,0.0,0.0,0.0,1.0,0.0,474,70.0,4.5
26321,21.0,1.0,1.0,0.0,0.0,0.0,0.0,0.0,0.0,0.0,1.0,3.0,0.564935064935,0.0,0.0,1.0,0.0,1.0,0.0,0.0,0.0,1.0,1.0,509,240.0,3.5
26330,13.0,1.0,1.0,1.0,1.0,0.0,0.0,0.0,0.0,0.0,1.0,3.0,0.742857142857,0.0,0.0,0.0,0.0,0.0,0.0,0.0,0.0,0.0,0.0,361,50.0,4.66666650772095
26332,15.0,1.0,1.0,0.0,0.0,0.0,1.0,0.0,0.0,0.0,1.0,3.0,0.753424657534,0.0,0.0,0.0,0.0,0.0,0.0,0.0,0.0,0.0,0.0,379,90.0,4.51666688919067
27209,11.0,1.0,1.0,1.0,0.0,0.0,0.0,0.0,0.0,0.0,1.0,1.0,0.861111111111,0.0,0.0,1.0,0.0,0.0,0.0,0.0,0.0,0.0,0.0,627,250.0,4.27631568908691
27211,17.0,1.0,1.0,1.0,1.0,0.0,0.0,1.0,0.0,0.0,1.0,3.0,0.717647058824,0.0,0.0,1.0,0.0,0.0,0.0,1.0,0.0,0.0,0.0,407,65.0,4.45454549789429
27478,35.0,1.0,1.0,1.0,1.0,1.0,1.0,0.0,0.0,0.0,1.0,4.0,0.501872659176,1.0,0.0,0.0,1.0,1.0,0.0,1.0,0.0,1.0,0.0,603,80.0,4.71111106872559
33117,13.0,1.0,1.0,0.0,0.0,1.0,0.0,0.0,0.0,1.0,1.0,5.0,0.613636363636,0.0,0.0,0.0,0.0,0.0,0.0,0.0,0.0,1.0,1.0,227,115.0,4.48000001907349
33145,19.0,1.0,1.0,1.0,0.0,1.0,0.0,1.0,0.0,0.0,1.0,3.0,0.655172413793,1.0,0.0,0.0,0.0,0.0,0.0,0.0,1.0,1.0,0.0,401,510.0,4.35714292526245
34029,27.0,0.0,1.0,0.0,0.0,1.0,0.0,0.0,0.0,0.0,1.0,6.0,0.52,0.0,1.0,1.0,0.0,0.0,1.0,0.0,0.0,0.0,1.0,474,90.0,4.66666650772095
37638,15.0,1.0,0.0,0.0,1.0,0.0,0.0,0.0,0.0,1.0,1.0,3.0,0.669724770642,1.0,0.0,0.0,0.0,0.0,0.0,0.0,0.0,0.0,0.0,134,32.0,2.20000004768372
40028,19.0,1.0,1.0,0.0,1.0,1.0,0.0,0.0,1.0,0.0,1.0,4.0,0.540322580645,1.0,1.0,1.0,0.0,0.0,0.0,0.0,0.0,1.0,0.0,443,90.0,4.34482765197754
47119,23.0,1.0,1.0,1.0,1.0,0.0,0.0,0.0,1.0,0.0,1.0,5.0,0.604026845638,0.0,0.0,0.0,0.0,0.0,0.0,1.0,0.0,0.0,0.0,567,45.0,4.46250009536743
47741,23.0,1.0,1.0,1.0,1.0,1.0,0.0,1.0,0.0,1.0,1.0,5.0,0.55223880597,0.0,0.0,0.0,1.0,0.0,0.0,0.0,0.0,0.0,0.0,495,210.0,4.62096786499023
49066,17.0,0.0,1.0,1.0,0.0,0.0,0.0,0.0,1.0,0.0,1.0,2.0,0.554455445545,0.0,0.0,0.0,0.0,0.0,0.0,1.0,0.0,0.0,0.0,296,150.0,4.53687334060669
50679,35.0,1.0,1.0,1.0,0.0,1.0,0.0,0.0,0.0,0.0,1.0,8.0,0.395833333333,1.0,0.0,0.0,0.0,1.0,0.0,0.0,1.0,0.0,0.0,378,345.0,4
52859,15.0,1.0,1.0,1.0,0.0,1.0,0.0,0.0,0.0,1.0,1.0,3.0,0.552,0.0,0.0,1.0,0.0,0.0,0.0,1.0,0.0,0.0,0.0,483,40.0,4.66442966461182
54684,21.0,1.0,1.0,0.0,0.0,1.0,0.0,0.0,0.0,0.0,1.0,3.0,0.505494505495,1.0,0.0,1.0,0.0,1.0,0.0,1.0,0.0,0.0,0.0,669,525.0,4.734375
61410,29.0,1.0,1.0,1.0,1.0,1.0,0.0,1.0,0.0,0.0,1.0,6.0,0.490066225166,1.0,0.0,0.0,0.0,0.0,1.0,0.0,1.0,0.0,1.0,521,80.0,4.30872488021851
62709,17.0,0.0,1.0,0.0,0.0,1.0,0.0,0.0,0.0,0.0,0.0,3.0,0.623076923077,1.0,0.0,0.0,0.0,1.0,0.0,1.0,0.0,1.0,1.0,459,545.0,4
63171,21.0,1.0,1.0,1.0,1.0,0.0,1.0,1.0,0.0,0.0,1.0,4.0,0.477011494253,1.0,0.0,0.0,0.0,1.0,0.0,1.0,1.0,1.0,0.0,421,55.0,4.72727251052856
63954,19.0,0.0,1.0,0.0,1.0,1.0,0.0,1.0,1.0,0.0,1.0,3.0,0.747572815534,0.0,0.0,0.0,0.0,1.0,0.0,0.0,0.0,0.0,0.0,596,NA,4.67213106155396
66310,29.0,0.0,1.0,0.0,1.0,1.0,0.0,0.0,1.0,1.0,1.0,6.0,0.660130718954,0.0,1.0,0.0,1.0,0.0,0.0,0.0,1.0,0.0,0.0,637,100.0,4.6402440071106
67398,15.0,0.0,1.0,1.0,0.0,0.0,1.0,1.0,0.0,0.0,0.0,3.0,0.648936170213,0.0,0.0,0.0,0.0,0.0,0.0,0.0,0.0,0.0,0.0,105,75.0,3.18421053886414
68713,39.0,1.0,1.0,1.0,1.0,1.0,1.0,1.0,0.0,0.0,1.0,6.0,0.422131147541,1.0,0.0,1.0,0.0,1.0,0.0,1.0,1.0,0.0,1.0,790,275.0,4.625
70387,23.0,0.0,0.0,1.0,0.0,1.0,0.0,0.0,0.0,0.0,1.0,3.0,0.553459119497,0.0,0.0,1.0,0.0,0.0,1.0,0.0,1.0,0.0,0.0,367,390.0,3.33333325386047
71456,21.0,1.0,1.0,1.0,1.0,1.0,0.0,0.0,0.0,0.0,1.0,4.0,0.574324324324,1.0,0.0,0.0,0.0,0.0,1.0,0.0,0.0,0.0,0.0,370,120.0,4
7253,29.0,1.0,1.0,0.0,1.0,1.0,0.0,1.0,0.0,0.0,1.0,11.0,0.46783625731,1.0,0.0,1.0,1.0,1.0,1.0,0.0,0.0,1.0,1.0,829,345.0,4.38461542129517
7267,15.0,1.0,1.0,1.0,1.0,0.0,1.0,1.0,0.0,0.0,1.0,5.0,0.624161073826,0.0,0.0,0.0,0.0,0.0,0.0,1.0,1.0,0.0,1.0,367,190.0,4.09722232818604
7270,19.0,1.0,1.0,0.0,0.0,1.0,0.0,0.0,1.0,0.0,1.0,7.0,0.659340659341,0.0,0.0,0.0,0.0,0.0,0.0,0.0,0.0,0.0,1.0,326,120.0,4.55909109115601
7284,23.0,1.0,1.0,0.0,1.0,1.0,1.0,1.0,0.0,0.0,1.0,4.0,0.536036036036,1.0,0.0,0.0,1.0,0.0,1.0,0.0,0.0,0.0,0.0,457,560.0,4.66111087799072
7307,13.0,1.0,1.0,1.0,1.0,0.0,0.0,0.0,0.0,0.0,1.0,4.0,0.666666666667,0.0,0.0,0.0,0.0,0.0,0.0,0.0,0.0,0.0,0.0,95,45.0,4.67977523803711
7339,19.0,1.0,1.0,0.0,0.0,0.0,0.0,0.0,0.0,0.0,1.0,4.0,0.591304347826,0.0,1.0,0.0,1.0,0.0,0.0,0.0,1.0,0.0,0.0,372,150.0,3.66666674613953
7357,35.0,1.0,1.0,1.0,1.0,1.0,0.0,1.0,0.0,0.0,1.0,4.0,0.511520737327,0.0,0.0,0.0,0.0,1.0,0.0,0.0,0.0,0.0,0.0,750,NA,4.44444465637207
7384,37.0,1.0,1.0,1.0,1.0,1.0,0.0,1.0,0.0,1.0,1.0,8.0,0.484472049689,1.0,0.0,0.0,0.0,1.0,0.0,0.0,1.0,0.0,0.0,619,240.0,4.78487014770508
7385,21.0,1.0,1.0,1.0,1.0,0.0,1.0,0.0,0.0,0.0,1.0,5.0,0.527559055118,0.0,1.0,0.0,0.0,0.0,0.0,0.0,1.0,0.0,1.0,596,630.0,4.82330846786499
7435,15.0,0.0,1.0,1.0,1.0,1.0,0.0,1.0,1.0,0.0,0.0,4.0,0.634920634921,0.0,0.0,1.0,1.0,0.0,0.0,0.0,1.0,0.0,0.0,220,NA,4.5625
7441,17.0,1.0,1.0,0.0,1.0,1.0,0.0,0.0,1.0,0.0,1.0,4.0,0.66081871345,1.0,0.0,0.0,0.0,1.0,0.0,0.0,0.0,1.0,0.0,382,NA,4.61035442352295
7456,11.0,0.0,1.0,0.0,0.0,0.0,0.0,0.0,0.0,0.0,0.0,3.0,0.672897196262,0.0,0.0,0.0,0.0,0.0,0.0,1.0,1.0,0.0,0.0,280,NA,4.25
7474,33.0,1.0,1.0,0.0,1.0,1.0,0.0,0.0,1.0,1.0,1.0,5.0,0.559523809524,0.0,0.0,1.0,1.0,0.0,0.0,1.0,0.0,0.0,0.0,347,NA,4.07692289352417
7532,23.0,1.0,1.0,1.0,1.0,1.0,0.0,1.0,1.0,1.0,1.0,4.0,0.708333333333,0.0,1.0,0.0,0.0,0.0,0.0,0.0,0.0,0.0,0.0,474,90.0,4.25882339477539
7533,19.0,1.0,1.0,1.0,1.0,1.0,0.0,1.0,1.0,0.0,1.0,4.0,0.638655462185,1.0,0.0,0.0,0.0,0.0,0.0,0.0,0.0,0.0,1.0,362,240.0,4.65811967849731
7546,19.0,1.0,1.0,0.0,1.0,1.0,1.0,0.0,1.0,0.0,1.0,4.0,0.591240875912,0.0,0.0,1.0,1.0,0.0,0.0,1.0,0.0,0.0,0.0,610,100.0,4.59782600402832
7549,23.0,1.0,1.0,1.0,1.0,1.0,0.0,1.0,1.0,0.0,1.0,4.0,0.628205128205,1.0,0.0,0.0,1.0,1.0,1.0,0.0,1.0,0.0,0.0,417,90.0,4.33684206008911
7586,27.0,1.0,1.0,1.0,1.0,1.0,0.0,1.0,0.0,0.0,1.0,4.0,0.573964497041,0.0,0.0,0.0,0.0,1.0,0.0,0.0,0.0,0.0,1.0,760,240.0,4
7587,23.0,1.0,1.0,1.0,1.0,1.0,0.0,1.0,1.0,0.0,1.0,3.0,0.541237113402,1.0,1.0,0.0,1.0,0.0,0.0,1.0,0.0,0.0,0.0,476,NA,4.33333349227905
7631,39.0,1.0,1.0,1.0,1.0,1.0,1.0,1.0,0.0,0.0,1.0,7.0,0.45041322314,0.0,0.0,0.0,1.0,0.0,0.0,1.0,0.0,0.0,0.0,549,320.0,4.51572322845459
7639,19.0,1.0,1.0,1.0,1.0,1.0,1.0,0.0,1.0,0.0,1.0,5.0,0.597826086957,0.0,0.0,0.0,0.0,0.0,0.0,0.0,0.0,1.0,0.0,410,90.0,4.57446813583374
7668,31.0,0.0,1.0,1.0,1.0,1.0,0.0,1.0,1.0,0.0,1.0,4.0,0.552631578947,1.0,0.0,0.0,0.0,1.0,0.0,0.0,1.0,0.0,0.0,450,NA,4.73170709609985
76951,29.0,0.0,1.0,1.0,1.0,1.0,0.0,1.0,0.0,0.0,1.0,5.0,0.514469453376,1.0,1.0,1.0,0.0,1.0,0.0,1.0,0.0,0.0,0.0,475,NA,4.34482765197754
7700,27.0,1.0,1.0,1.0,1.0,1.0,0.0,0.0,1.0,1.0,1.0,4.0,0.572222222222,0.0,0.0,0.0,1.0,0.0,1.0,0.0,0.0,0.0,0.0,341,240.0,4.72319459915161
7714,21.0,1.0,1.0,1.0,1.0,1.0,0.0,0.0,0.0,0.0,1.0,4.0,0.616766467066,1.0,0.0,0.0,1.0,0.0,1.0,0.0,0.0,0.0,0.0,433,330.0,4.60660648345947
7715,23.0,1.0,1.0,1.0,0.0,1.0,0.0,0.0,0.0,0.0,1.0,3.0,0.700934579439,1.0,0.0,0.0,1.0,0.0,0.0,0.0,0.0,1.0,0.0,379,NA,4.5
7730,19.0,1.0,1.0,1.0,1.0,1.0,0.0,0.0,0.0,0.0,1.0,5.0,0.521951219512,0.0,1.0,1.0,1.0,1.0,0.0,1.0,0.0,0.0,0.0,477,NA,2.33333325386047
7741,21.0,0.0,1.0,0.0,0.0,1.0,0.0,0.0,1.0,0.0,1.0,2.0,0.644444444444,0.0,1.0,0.0,0.0,0.0,0.0,0.0,0.0,0.0,0.0,428,NA,4.64189195632935
7757,19.0,1.0,1.0,0.0,1.0,1.0,1.0,0.0,0.0,0.0,1.0,5.0,0.570621468927,0.0,0.0,0.0,0.0,1.0,0.0,0.0,0.0,0.0,1.0,528,300.0,4.55095529556274
7832,13.0,1.0,1.0,1.0,1.0,0.0,0.0,0.0,0.0,0.0,1.0,3.0,0.703703703704,0.0,0.0,0.0,0.0,0.0,0.0,0.0,0.0,0.0,0.0,281,NA,4.59919023513794
7835,19.0,1.0,1.0,0.0,1.0,0.0,0.0,0.0,0.0,1.0,1.0,3.0,0.662921348315,0.0,0.0,0.0,0.0,0.0,0.0,0.0,0.0,0.0,0.0,218,70.0,4.49404764175415
7858,15.0,1.0,1.0,1.0,1.0,0.0,0.0,0.0,0.0,1.0,1.0,3.0,0.642201834862,1.0,0.0,0.0,0.0,0.0,0.0,0.0,0.0,0.0,1.0,237,NA,4.46153831481934
7865,9.0,1.0,1.0,0.0,0.0,0.0,0.0,0.0,0.0,0.0,1.0,1.0,0.828571428571,0.0,0.0,0.0,0.0,0.0,0.0,0.0,0.0,0.0,0.0,279,210.0,4.63309335708618
7866,41.0,1.0,1.0,1.0,0.0,1.0,0.0,0.0,1.0,1.0,1.0,5.0,0.582914572864,0.0,0.0,1.0,0.0,0.0,0.0,1.0,1.0,0.0,0.0,407,NA,4.84019374847412
7882,15.0,1.0,1.0,1.0,0.0,1.0,0.0,0.0,1.0,0.0,1.0,3.0,0.727272727273,0.0,0.0,0.0,0.0,0.0,0.0,0.0,0.0,0.0,0.0,250,NA,3.66666674613953
7902,21.0,0.0,1.0,1.0,1.0,1.0,1.0,1.0,0.0,0.0,1.0,4.0,0.570731707317,1.0,1.0,0.0,0.0,0.0,1.0,1.0,1.0,0.0,0.0,461,NA,4.54545450210571
7932,33.0,1.0,1.0,1.0,1.0,1.0,1.0,0.0,1.0,1.0,1.0,8.0,0.543661971831,1.0,1.0,1.0,1.0,0.0,1.0,0.0,0.0,0.0,1.0,480,1665.0,5
7933,21.0,1.0,0.0,1.0,0.0,0.0,0.0,0.0,0.0,0.0,1.0,8.0,0.454545454545,1.0,1.0,0.0,0.0,1.0,1.0,0.0,0.0,1.0,1.0,279,1615.0,3.33333325386047
7934,23.0,1.0,1.0,1.0,1.0,1.0,1.0,1.0,1.0,0.0,1.0,4.0,0.700854700855,0.0,1.0,0.0,0.0,0.0,1.0,0.0,0.0,0.0,1.0,356,NA,4.38297891616821
7936,27.0,1.0,1.0,1.0,1.0,1.0,1.0,0.0,0.0,0.0,1.0,5.0,0.572139303483,1.0,1.0,0.0,1.0,1.0,1.0,0.0,1.0,0.0,0.0,412,1540.0,4.5
7937,25.0,1.0,1.0,1.0,1.0,1.0,1.0,0.0,0.0,0.0,1.0,5.0,0.476014760148,1.0,1.0,1.0,1.0,0.0,0.0,0.0,1.0,1.0,1.0,490,90.0,4.69999980926514
7938,21.0,1.0,1.0,1.0,1.0,1.0,0.0,1.0,1.0,0.0,1.0,4.0,0.603174603175,1.0,0.0,1.0,0.0,1.0,1.0,1.0,0.0,0.0,0.0,428,NA,4.47222232818604
7939,23.0,1.0,1.0,1.0,1.0,1.0,1.0,1.0,1.0,0.0,1.0,4.0,0.639534883721,1.0,0.0,0.0,0.0,0.0,0.0,0.0,0.0,0.0,0.0,508,NA,4.60714292526245
7948,21.0,1.0,1.0,1.0,1.0,1.0,1.0,1.0,1.0,0.0,1.0,3.0,0.539215686275,0.0,0.0,0.0,0.0,1.0,0.0,0.0,1.0,0.0,0.0,371,90.0,4.29090929031372
7970,31.0,1.0,1.0,1.0,1.0,1.0,1.0,0.0,0.0,0.0,1.0,5.0,0.458483754513,1.0,1.0,1.0,0.0,1.0,1.0,0.0,0.0,0.0,0.0,360,NA,4.22727251052856
7974,23.0,1.0,1.0,1.0,1.0,1.0,0.0,0.0,0.0,1.0,1.0,5.0,0.526548672566,0.0,0.0,0.0,0.0,1.0,0.0,1.0,0.0,0.0,1.0,454,1515.0,4.875
7975,29.0,1.0,1.0,1.0,1.0,1.0,1.0,0.0,0.0,0.0,1.0,6.0,0.533101045296,1.0,0.0,0.0,1.0,1.0,1.0,0.0,1.0,0.0,0.0,612,1610.0,4.08695650100708
7976,31.0,1.0,1.0,1.0,1.0,1.0,0.0,0.0,0.0,0.0,1.0,4.0,0.543859649123,1.0,0.0,0.0,0.0,1.0,0.0,1.0,1.0,0.0,0.0,550,450.0,4.14285707473755
7977,29.0,1.0,1.0,0.0,1.0,1.0,0.0,1.0,0.0,0.0,1.0,7.0,0.487455197133,1.0,0.0,1.0,1.0,1.0,0.0,0.0,1.0,1.0,1.0,638,180.0,4.79411745071411
7978,21.0,1.0,1.0,1.0,1.0,0.0,0.0,0.0,1.0,0.0,1.0,4.0,0.669291338583,1.0,1.0,0.0,0.0,0.0,0.0,0.0,0.0,0.0,0.0,413,NA,4.5789475440979
7980,35.0,1.0,1.0,1.0,1.0,1.0,0.0,1.0,1.0,1.0,1.0,5.0,0.489711934156,1.0,0.0,0.0,1.0,0.0,1.0,0.0,0.0,0.0,0.0,485,255.0,4.53846168518066
7990,21.0,1.0,1.0,1.0,1.0,1.0,0.0,0.0,0.0,0.0,1.0,6.0,0.443037974684,0.0,0.0,0.0,1.0,1.0,0.0,0.0,0.0,1.0,1.0,671,NA,4.64092683792114
8005,11.0,1.0,1.0,0.0,0.0,0.0,0.0,0.0,0.0,0.0,1.0,2.0,0.868421052632,0.0,0.0,0.0,0.0,0.0,0.0,0.0,0.0,0.0,0.0,257,NA,4.55140209197998
8037,15.0,1.0,0.0,1.0,1.0,1.0,0.0,0.0,1.0,0.0,1.0,4.0,0.655462184874,0.0,0.0,0.0,0.0,0.0,0.0,0.0,0.0,0.0,1.0,222,NA,4.03333330154419
8083,11.0,1.0,1.0,1.0,1.0,0.0,0.0,0.0,0.0,0.0,1.0,4.0,0.768292682927,1.0,0.0,0.0,0.0,1.0,0.0,0.0,0.0,0.0,1.0,204,105.0,4.62162160873413
8104,15.0,1.0,1.0,1.0,0.0,0.0,1.0,0.0,0.0,0.0,1.0,3.0,0.777777777778,0.0,0.0,0.0,0.0,0.0,0.0,0.0,0.0,0.0,0.0,302,NA,4.42000007629395
8168,17.0,1.0,0.0,1.0,1.0,0.0,1.0,0.0,0.0,1.0,1.0,3.0,0.569696969697,0.0,0.0,0.0,0.0,0.0,0.0,0.0,1.0,0.0,1.0,198,NA,4.27096796035767
8173,13.0,0.0,1.0,1.0,0.0,0.0,0.0,0.0,0.0,0.0,0.0,2.0,0.792452830189,1.0,0.0,0.0,0.0,0.0,0.0,0.0,0.0,0.0,1.0,316,330.0,4.25225210189819
8177,27.0,1.0,1.0,0.0,1.0,1.0,0.0,1.0,1.0,0.0,1.0,7.0,0.534979423868,1.0,0.0,0.0,0.0,0.0,1.0,0.0,0.0,0.0,1.0,619,220.0,4.64754104614258
8213,19.0,0.0,0.0,1.0,1.0,0.0,0.0,0.0,0.0,0.0,1.0,3.0,0.663157894737,0.0,0.0,0.0,0.0,0.0,0.0,0.0,0.0,0.0,1.0,178,90.0,3.93333339691162
8229,21.0,1.0,1.0,0.0,1.0,1.0,1.0,0.0,0.0,0.0,1.0,5.0,0.540540540541,1.0,1.0,0.0,1.0,0.0,0.0,0.0,0.0,0.0,0.0,493,NA,4.67469882965088
8230,27.0,1.0,1.0,1.0,1.0,1.0,0.0,0.0,0.0,0.0,1.0,5.0,0.455938697318,1.0,1.0,0.0,0.0,1.0,0.0,1.0,0.0,0.0,0.0,540,NA,4.74742269515991
8234,17.0,1.0,1.0,1.0,1.0,0.0,0.0,1.0,0.0,0.0,1.0,4.0,0.6015625,0.0,0.0,0.0,1.0,1.0,0.0,1.0,0.0,0.0,0.0,339,NA,3.57692313194275
8239,9.0,1.0,0.0,1.0,1.0,0.0,0.0,0.0,0.0,0.0,1.0,3.0,0.642857142857,0.0,0.0,0.0,0.0,0.0,0.0,0.0,0.0,0.0,0.0,236,NA,2.59999990463257
8259,11.0,1.0,1.0,1.0,1.0,0.0,0.0,0.0,0.0,0.0,1.0,4.0,0.62962962963,0.0,0.0,0.0,1.0,0.0,0.0,0.0,0.0,0.0,0.0,183,NA,4.02702713012695
8261,27.0,1.0,1.0,1.0,1.0,1.0,1.0,0.0,1.0,1.0,1.0,5.0,0.601063829787,0.0,0.0,0.0,1.0,0.0,0.0,0.0,0.0,0.0,1.0,700,90.0,4.6260871887207
8275,13.0,1.0,1.0,1.0,0.0,0.0,0.0,0.0,0.0,0.0,1.0,2.0,0.823529411765,0.0,0.0,0.0,0.0,0.0,0.0,0.0,0.0,0.0,0.0,372,150.0,4.62666654586792
8317,11.0,0.0,1.0,1.0,0.0,1.0,1.0,0.0,0.0,0.0,1.0,6.0,0.6484375,0.0,1.0,1.0,1.0,0.0,0.0,0.0,0.0,0.0,0.0,379,NA,4.66666650772095
8350,19.0,1.0,1.0,1.0,1.0,1.0,1.0,1.0,0.0,0.0,1.0,4.0,0.643410852713,0.0,0.0,0.0,0.0,0.0,0.0,0.0,0.0,0.0,0.0,533,450.0,4.71532297134399
8411,23.0,1.0,1.0,1.0,1.0,1.0,1.0,1.0,0.0,0.0,1.0,3.0,0.5,0.0,0.0,1.0,1.0,1.0,0.0,1.0,0.0,0.0,1.0,366,NA,4.5
8419,13.0,1.0,1.0,1.0,1.0,0.0,0.0,1.0,0.0,0.0,1.0,3.0,0.714285714286,1.0,1.0,0.0,0.0,1.0,0.0,0.0,1.0,0.0,0.0,324,90.0,4.62231779098511
8469,19.0,1.0,1.0,1.0,1.0,0.0,0.0,0.0,0.0,0.0,1.0,4.0,0.628571428571,0.0,1.0,1.0,1.0,1.0,0.0,0.0,0.0,0.0,0.0,380,NA,4.61458349227905
8487,15.0,0.0,1.0,0.0,0.0,1.0,0.0,0.0,1.0,0.0,0.0,3.0,0.62962962963,1.0,1.0,1.0,1.0,0.0,1.0,0.0,0.0,0.0,0.0,227,315.0,4.66379308700562
87483,19.0,1.0,1.0,1.0,1.0,1.0,1.0,0.0,0.0,0.0,1.0,3.0,0.639751552795,1.0,0.0,0.0,1.0,1.0,0.0,0.0,0.0,0.0,0.0,371,450.0,4.625
88185,15.0,1.0,1.0,1.0,0.0,1.0,0.0,0.0,0.0,1.0,1.0,4.0,0.572327044025,0.0,0.0,1.0,0.0,0.0,0.0,0.0,0.0,0.0,0.0,378,45.0,4.80204772949219
9125,21.0,1.0,1.0,1.0,1.0,0.0,0.0,0.0,0.0,1.0,1.0,4.0,0.681034482759,1.0,0.0,1.0,1.0,1.0,0.0,1.0,0.0,0.0,0.0,412,250.0,4.66666650772095
9188,17.0,0.0,1.0,0.0,1.0,1.0,0.0,0.0,0.0,0.0,1.0,4.0,0.652892561983,1.0,0.0,0.0,0.0,0.0,0.0,0.0,1.0,0.0,0.0,340,60.0,4.72222232818604
9296,19.0,1.0,1.0,0.0,1.0,0.0,0.0,0.0,0.0,1.0,1.0,3.0,0.659090909091,0.0,0.0,0.0,0.0,0.0,0.0,0.0,0.0,0.0,0.0,581,NA,4.49438190460205
9297,41.0,1.0,1.0,1.0,0.0,1.0,0.0,0.0,1.0,1.0,1.0,5.0,0.582914572864,0.0,0.0,1.0,0.0,0.0,0.0,1.0,1.0,0.0,0.0,305,NA,4.79255342483521
9298,31.0,1.0,1.0,1.0,1.0,1.0,0.0,0.0,0.0,0.0,1.0,6.0,0.537037037037,0.0,0.0,0.0,1.0,1.0,0.0,0.0,1.0,0.0,0.0,550,360.0,4.5
9300,13.0,1.0,1.0,1.0,1.0,0.0,0.0,0.0,0.0,0.0,1.0,4.0,0.601851851852,0.0,0.0,0.0,0.0,0.0,0.0,0.0,0.0,0.0,0.0,95,60.0,4.62769222259521
9301,35.0,1.0,1.0,1.0,1.0,1.0,0.0,1.0,1.0,1.0,1.0,5.0,0.489711934156,1.0,0.0,0.0,1.0,0.0,1.0,0.0,0.0,0.0,0.0,466,NA,4.53846168518066
9306,25.0,1.0,1.0,0.0,1.0,1.0,0.0,1.0,0.0,0.0,1.0,5.0,0.51724137931,1.0,0.0,1.0,1.0,1.0,0.0,0.0,0.0,0.0,1.0,707,15.0,4.875
93280,17.0,1.0,1.0,0.0,0.0,0.0,1.0,0.0,0.0,0.0,1.0,6.0,0.471223021583,1.0,0.0,1.0,0.0,1.0,1.0,0.0,0.0,0.0,1.0,99,80.0,3.61666655540466
9346,35.0,1.0,1.0,1.0,1.0,1.0,1.0,1.0,0.0,1.0,1.0,4.0,0.515384615385,0.0,0.0,1.0,0.0,1.0,1.0,0.0,0.0,0.0,0.0,753,660.0,4.71590900421143
9355,8.0,1.0,1.0,1.0,1.0,0.0,0.0,1.0,0.0,0.0,1.0,3.0,0.582191780822,0.0,0.0,0.0,0.0,1.0,1.0,0.0,0.0,0.0,1.0,541,NA,3.85714292526245
93807,19.0,1.0,1.0,1.0,0.0,1.0,0.0,0.0,1.0,0.0,1.0,3.0,0.7,1.0,0.0,0.0,0.0,0.0,0.0,0.0,0.0,0.0,0.0,589,145.0,4.67164182662964
